{"cameraMode":{"drawMode":0,"name":"Shaded","section":"Shading Mode"},"sceneLighting":true,"audioPlay":false,"sceneViewState":{"m_AlwaysRefresh":false,"showFog":true,"showSkybox":true,"showFlares":true,"showImageEffects":true,"showParticleSystems":true,"showVisualEffectGraphs":true,"m_FxEnabled":true},"in2DMode":false,"pivot":{"x":730.1397094726563,"y":324.10760498046877,"z":-131.09677124023438},"rotation":{"x":-0.0002838941873051226,"y":0.9976937770843506,"z":0.004180779680609703,"w":0.06774838268756867},"size":365.7701110839844,"orthographic":false}